tweet_id,user_id,username,text,like_count,retweet_count,location,creation_date_time
1502885637086609411,1455052349228023814,AndrewTRei1,I will correctly remind people yet again that the only country's vaccine that's worse than China's is Russia's Sputnik vaccine,2,1,No Location,2022-03-13
1502873976716107776,1498608701653102594,hamzaouihazim0,Local businessman first to take Sputnik V jab,0,0,No Location,2022-03-13
1502854289064173580,269110574,PolStuff,Could it be that Putin has gone insane from taking the Sputnik vaccine,0,0,No Location,2022-03-13
1502846122129334276,1199410182230548480,cealaigi,Anyway sanctions have already hit pharma with sputnik v production halted in Germany and financial sanctions making production elsewhere very difficult Was due to be supplied to countries like Zambia in the global South pending WHO approval,2,1,No Location,2022-03-13
1502845215161602050,1502842093592580103,chicken_mcnug_,Tucker admits to being Russian sleeper cell after Russian sputnik vaccine microchips overtake brain's reasoning center,1,1,No Location,2022-03-13
1502842898362306562,34245009,indiatvnews,COVID19 India's vaccination coverage crosses 180 crore landmark CoronavirusUpdates Corona,5,0,India,2022-03-13
1502839375775862790,211846145,kingtungsten,Sputnik V The Story Of Russia's Controversial COVID-19 Vaccine Imagine that the country that would‚Äôve benefited the most from creating a virus to soften the west developed a vaccine the quickest What a coincidence,0,0,United States of America,2022-03-13
1502837206536257543,2342883930,SAAI_sai,ModiRegime's love for Sputnik vaccine in the very initial days of Covid vaccination reminds us strong friendship between Modi and Putin The landslide victory of BJP in recently concluded state elections at a when anti-Modi sentiment is picking up momentum even in his,0,0,"Hyderabad, India",2022-03-13
1502808931176890372,1411242825241358336,pybich,Except for the Sputnik vaccine I hope Gross,1,0,Socialist Republic of Vietnam,2022-03-13
1502804100240580611,1360633828663037952,martinx_paul,Remember when Russia was one of the first to develop a Covid vaccine called Sputnik that amazingly had the courage to declare safe effective Yet a vile repugnant terrorist org immediately began threatening countries trying to save their populations 1M US Dead,1,0,No Location,2022-03-13
1502802331162882052,1175946325504024578,KentDuvar,There none mRNA vaccines AstraZeneca and J J we're adenovector vaccines with partial virus in them Sputnik V contains actual viral material Looking at the adverse event data I have more trust in the mRNA safety although I had a dose of AZ without side effects,0,0,"Waterloo, Ontario",2022-03-13
1502795666799853568,82334315,Prabhu_DS,Difference between COVAXIN COVISHIELD and SPUTNIK V Corona Virus Vaccines As the world prepares to vaccinate human beings every country is prabhuwrites prabhu hymprudious differencebetweencoronavirusvaccines,0,0,"Narasinghpur, Odisha, India",2022-03-12
1502773203130892296,1356094902107574272,WalterSchmitt12,It's the sputnik vaccine Putin put a chip in it to read the minds of people Far more advanced than Bill Gates,0,0,No Location,2022-03-12
1502765925027700739,33021462,gentieuink,Not to mention the Sukhoi fighter jets Kalashnikov rifles border spec ops the hot cold case of the russian venezuelan submarine deal and not least probably not last Sputnik V covid-19 vaccine But hey,0,0,a la deriva,2022-03-12
1502757519416238080,131435363,bayagnizayn,dis fr is some cursed ass menu why is there no sputnik v also wtf is up with the kerning,0,0,No Location,2022-03-12
1502745984283066374,1369983626453078023,paulant48766352,Because the Sputnik vaccine has been proven not to work at all,0,0,The Peaceful World.,2022-03-12
1502740805966041096,1202257709971591169,wang_wangping,The grievances between Ukraine and Russia how the two countries changed from brothers to enemies Detailing Ukrainian history,0,0,Macau,2022-03-12
1502739075496771584,39404191,bluefuze,Ah it‚Äôs because it‚Äôs an unapproved vaccine Never even heard of that one Sputnik hey Don‚Äôt blame Canada for not approving it Why don‚Äôt you go to Russia instead Since it sucks so much here you should go there instead,0,0,No Location,2022-03-12
1502728465304350724,1454332353845755908,JordanZansky,In Russia you can only get the Sputnik vaccine Despite being vaccinated she cannot come to Canada because the Sputnik vaccine is not approved My suffering girlfriend cannot come to Canada because we have vaccine mandates This is one reason people are protesting,1,0,No Location,2022-03-12
1502722945566740482,1498522014906077185,SlavaUkraini380,WHY NOT TAKE THE SPUTNIK VACCINE since you love the terrorist despot Putin so much HYPOCRITE,0,0,No Location,2022-03-12
1502717554871185408,16960647,mcgT,Putin's disinformation about Pfizer vaccine to help Sputnik V vax backfired Only 50 of Russians double vaxxed His authoritarian regime is lying severely under reporting covid deaths,0,0,No Location,2022-03-12
1502716954548871170,1295971015068209152,NgRubix,And what if you have been vaxxed with some Sputnik V vaccine Do you tend to blame the 'west Asking for a friend üßê,2,0,No Location,2022-03-12
1502716328142159878,23188759,jtwigg9,But most definitely NOT Sputnik V,3,0,"Richmond, VA, USA",2022-03-12
1502715875614408704,1347698174635499521,Grooverecords1,Sigue Sigue Sputnik Love Missile F1-11 Twelve Inch Japanese V by Groovevinylstore via vinyl vinylrecords vinylcollector music SaturdayThoughts vintage etsy vinylcommunity groovevinyl vinyljunkie Caturday groovevinyl ENGvIRE,0,0,No Location,2022-03-12
1502708360856100865,1498098608029245445,SamOharaNH,I am so glad you were vaccinated Glad you had mild symptoms Over a million people did not have the luxury and are dead RNA a is not exactly a vaccine you are right unless you took Sputnik or the Chinese vaccines that are exactly as you described,0,0,No Location,2022-03-12
1502707066976174080,1392274772554260483,Chris34883890,Sanctions and Supply Chains Russia‚Äôs Sputnik COVID-19 Vaccine created a Large opportunity for Covaxin in Mexico and SO America With Data from 2 Dose AstraZeneca trial using Covaxin as Booster -2B Released Soon Better Opp than USA or Canada,29,7,No Location,2022-03-12
1502705293477699594,392507132,parthurleonard,Note it's Phizer and not Sputnik V,0,0,"Cape Town, South Africa",2022-03-12
1502704001950920704,1164907412630827008,pwnyybattles,Live feed of Kyiv Kiev Ukraine WATCH LIVE Ukraine Russia Kyiv Kiev UkraineRussia UkraineInvasion UkraineUnderAttack UkraineWar russianinvasion RussiaUkraineWar RussiaInvadedUkraine RussiaUkraine,0,0,Gothenburg,2022-03-12
1502703635536527367,34010230,SquidScream,Putin said he was fully vaccinated against the Omricon Covid Variant with the Sputnik V vaccine But lets hope he has the same antidote of Yassir Arafat to Polonium-201 sprinkled on his cornflakes,0,0,"White Oak,Texas",2022-03-12
1502694217604386818,845499840,daniantodes,I got third vaccine when's next Is there sputnik by Putin,0,0,No Location,2022-03-12
1502689188457910277,811972460560019456,republic,GreatAmericanFall We've waited for the Ukraine President to reach out for days now we are still to hear from them We have to wait out and see what happens with the discussion Tatyana Kukhareva Deputy Chief Sputnik Websites from Moscow,28,4,"Mumbai, India",2022-03-12
1502687998311387139,3104481611,BgProtesti,I'm so sorry for you Abby This whole thing looks so intentional Demonetizing creators based on natiinality banning shows regardless of the topic canceling Russian scientists Sputnik V writers composers artists It's horrible Even nazzis weren't that sanctioned von Braun,5,3,Bulgaria,2022-03-12
1502687109399912455,1476200175777587205,UlyssesInExile,Remember the Sputnik vaccine and Sinovac Both premiered prior to West‚Äôs vaccines to wide media acclaim But with Xi‚Äôs non travel the Changchun lockdown the laughter over Putin‚Äôs giant tables isolation the non success of their vaccines should be re-examined by global media,0,0,No Location,2022-03-12
1502680652369571851,1088077237629390850,IsabelB78314293,In Argentina the government loves Putin and bought them the Sputnik vaccine ü§¶üèª‚Äç‚ôÄÔ∏è Still russian owe us a lot of vaccines already paid specially 2d dose,3,0,"California, USA",2022-03-12
1502678362803904518,144834495,RTShark,One of the best thing the west can do right now is get the Ukrainian military and citizens vaccinated History says disease will ruin the army that isn't vaccinated Moderna vs Sputnik vaccine is a thing,0,0,"Florida, USA, Planet Earth",2022-03-12
1502644207042899983,1485227046641221634,AmitrraGautam,I have a flight from moscow to India and i am fully vaccinated by Sputnik v double dose Should i need corona report or not Please help,0,0,No Location,2022-03-12
1502630592382386179,1081662050466742272,Cliffor01051440,Russia's bioweapon conspiracy theory finds support in US via Putin CLAIMS to have a Sputnik vaccine Where is it,0,0,No Location,2022-03-12
1502621276745129988,1127029609898364928,LasseKaragiann3,Hey Putin you should stop inculcate the population with the Suptnik V death vaxx Do you see any common denominator Alexender Ginsburg -Sputnik V Tal Zaks -Moderna Michael Dolstein Pfizer,0,0,Sweden,2022-03-12
1502600648688340994,1347698174635499521,Grooverecords1,Sigue Sigue Sputnik Love Missile F1-11 Twelve Inch Japanese V by Groovevinylstore via vinyl vinylrecords vinylcollector music SaturdayMorning SaturdayThoughts vintage etsy vinylcommunity groovevinyl vinyljunkie Caturday groovevinyl,0,0,No Location,2022-03-12
1502599292066086912,904450515240599552,DC_Gurugram,2 Only second dose of Sputnik V will be available at Polyclinic Sector-31 tomorrow 3 International travellers education job only can head to Polyclinic Sector-31 for their second dose of Covishield 50 doses will be available,1,0,"‡§ó‡•Å‡§°‡§º‡§ó‡§æ‡§Ç‡§µ, ‡§≠‡§æ‡§∞‡§§",2022-03-12
1502596234812420097,1497104923024302081,MarginalAB1,North advance is V for Volodymyr and from the East Z for Zelenskyy Putin really really doesn‚Äôt like Ukraine‚Äôs heroic and charismatic Prez And he is nothing if not petty üò¨,0,0,"Sydney, New South Wales",2022-03-12
1502595781857005568,1465708631475703811,energiepirat,Recently we see many Russian equipment with a V instead of a Z What is it about,0,0,Bavarian Woods ,2022-03-12
1502595598637273088,1501534300998676482,MravenecZet,when Russia helped us last year with Sputnik V they got hate speech from you for reciprocity oh Mrs President you are such a clown and comedian almost as Mr Zelensky,0,0,No Location,2022-03-12
1502560340894179328,1163021262735777792,Darek28013567,In my opinion the main cause lies in the Sputnik vaccine the side effects are probably permanent and irreversible Putin alone probably took 6 doses not to mention the rest of the population,1,1,"Steenwijkerland, Nederland",2022-03-12
1502556424081129474,4731154187,s_considine1,He developed a vaccine FIRST and the Experts said that Sputnik was rushed while also expressing concerns about its safety and effectiveness,0,0,"New York, Florida, and Texas",2022-03-12
1502541065080823809,4724586114,starrychats,I dont want to comment or say anything about Russia Ukraine ongoing War however now I can imagine why Sputnik V covid vaccine was intensely feared No hard feelings guys just letting my imagination run with it RussiaUkraineWar UkraineUnderAttack RussianInvasion,2,0,"Mumbai, India",2022-03-12
1502524795170213888,16949344,bmj_latest,Russia‚Äôs invasion of Ukraine has marked a new chapter in the saga of Sputnik V‚Äîa vaccine intertwined with geopolitics reports,7,6,London Beijing Delhi New York,2022-03-12
1502513196145405953,14270791,Caesar_X,I was watching Metro by Berlin one of my fav very early MTV videos Then I learned that Sigue Sigue Sputnik of all bands had done a remix of it And then I found that their minor hit Love Missile F1-11 was produced by Giorgio Morodor üî•,2,0,"San Francisco, CA",2022-03-12
1502508596386418689,1221033476222095360,Rory58257799,Can‚Äôt help but think this is all big pharma sanctions that inhibit the expanded use of Sputnik V have demonstrated that the government of the United States has picked the course to destroy constructive dialogue between countries,0,0,"Los Angeles, CA",2022-03-12
1502491422603239431,16194607,MarinaGipps,Sanctions had to happen bc BAD behavior is unacceptable-YET sanctions have made union between China our trade partner even stronger over the years Putin likely has BTC gold other investments support of China Latin American countries that received –°–ø—É—Ç–Ω–∏ V Sputnik V,2,1,Coordinates Unknown/ Chitowner,2022-03-12
1502477606821806082,1092190865706176512,TP_UKMingeLane,Had someone the other day tell me the Sputnik vaccine was better safer than mRNA ones Despite it was rolled out without clinical trials and the Russian people didn‚Äôt trust it,2,0,"Langley, VA",2022-03-12
1502463757582225416,996396824,SabrinaLicari,how much longer the people that has 2 doses of Sputnik we'll have to wait until WHO decided to approval A lot of us need to travel US is asking for a fourth dose from a vaccine that needs to be approved by WHO and countries like Argentina does not provide it for everyone,2,0,"Buenos Aires, Argentina",2022-03-12
1502444083456925711,1328009497747595266,Mat72337684,The few that are jabbed are no doubt spiked with Sputnik We don't like that sort of vaccine round here,7,0,UK,2022-03-12
1502434014669455366,47773960,WAStrnad,Lopez you're no different than the others that preceeded you You are in bed with Russia and it shoes by the vaccine you forced the Mexican people to take Sputnik now really,1,1,Chicago,2022-03-11
1502430214084874247,1347698174635499521,Grooverecords1,Sigue Sigue Sputnik Love Missile F1-11 Twelve Inch Japanese V by Groovevinylstore via vinyl vinylrecords vinylcollector music FridayVibes FridayMotivation etsy vinylcommunity groovevinyl recordstore2022 groovevinyl,0,1,No Location,2022-03-11
1502423934909796352,1212142442645843968,gildy61,Found this though,1,0,North East England,2022-03-11
1502420878658736128,532850380,templeofninpo,M A D Mutual Assured Destruction Dress For Excess Sigue Sigue Sputnik,0,0,"Victoria, BC",2022-03-11
1502419414209097729,1485301080506331137,Hell0there11,Please allow International students 18+ who are vaccinated with SPUTNIK V to enter Canada We are ready for quarantine,0,0,No Location,2022-03-11
1502414005608013833,1478846999705358351,initiallyme2,Yes And he didn't do anything I believe that he is just a face not real poee to stop it And now mask and excuse will be the war Do not misunderstand me I also believe that every other president is involved in some kind way Sputnik V Sinofarm Everybody,0,0,"Belgrade, Republic of Serbia",2022-03-11
1502408658281451524,1096057052424781827,Tommy63079850,what's up to much Sputnik V,1,0,No Location,2022-03-11
1502405181861998592,2528803121,steph_towers,Why am I selfish I'd imagine they'll be offered the vaccine or they might have already had the dodgy Russian one sputnik whatever they call it,0,0,"Manchester, England",2022-03-11
1502399737714069510,835540507715579904,astro_hippie,Einen hab ich noch Sputnik Hey Brother whats up with you today Akira I was chasing Hais,1,0,Oberfranken/KC,2022-03-11
1502390942044721161,1501992961046990854,VladPutler1,sputnik In May 2021 the Levada Center released a poll of 1 614 respondents from 50 regions which showed that 26 of Russians were prepared to be vaccinated with Sputnik V while 62 were not prepared to be vaccinated Ten percent of respondents had already been vaccinated,0,0,This planet,2022-03-11
1502389497815838721,1482536042272104448,WiLYmore71,I just want you to know it has been 42 minutes and I am still laughing at you Let‚Äôs take a deeper look into this Adenovirus 5 or Ad5 used in CaSino and dose 2 of Sputnik is not a bug that causes AIDS Global vaccine roll out did not cause the emergence of the HIV variant,2,0,No Location,2022-03-11
1502388238832455680,1267822628670042116,WarnockWarrior,And Putin said the Russian Sputnik covid vaccine has no side effects üôÑ,4,3,"Vermont, USA",2022-03-11
1502382201681244166,1027893458722205696,Blaugranaism,Man what if the Sputnik V vaccine had Putin's spinal fluid in it and all he has to do now is scream in a press con,2,0,"New Delhi, India",2022-03-11
1502381346261389312,920774839719415810,DhikusookaBrian,Ukrainian Farmer steals Soyuz Rocket with tractor ukrainianfarmers SoyuzRocket,0,0,"Uganda,, jinja",2022-03-11
1502373276596805643,1489692216649990157,KhaosMakerPR,Ready for Mars reconquest Now they are able to cut their supplies,2,0,No Location,2022-03-11
1502349946317537284,3222334541,MHolland_VA,10 19 what's your call More Humiliation w the Gen Shelton Chow Line Or has the Russians overcome their Disabilities w the Sputnik Vaccine Just have to keep getting back up from the disgrace every day right,0,0,"Clear Lake Shores, TX",2022-03-11
1502348251063889924,954066206956322824,Dave64P,1 Russian Federation RF already has their own bio-labs 2 RF uses other weapons,0,0,No Location,2022-03-11
1502348050878148609,49915208,nsanzo,Covid What's that There was a joke around here saying the Russians have proven their vaccine is 100 efficient Sputnik No the Russian Army They entered Ukraine and the pandemic automatically ended everywhere,3,1,No Location,2022-03-11
1502344911923859459,1474989655577829378,Tebele92349250,At least they will get a chance to sputnik V,0,0,No Location,2022-03-11
1502344610470899713,199747679,BuzzJohnG,Not so much chemical but biological weapons spreading into NATO countries would be more like it Of course those would spread into Russia as well but I'm sure there's a conspiracy theory that has Sputnik vaccine for this,1,0,53147,2022-03-11
1502344207020617731,1406717017550462979,SilviaMFerrand1,You should have said something when WHO decided to boycott Sputnik vaccine to help USA laboratories business,0,0,No Location,2022-03-11
1502342258019880960,1406717017550462979,SilviaMFerrand1,Two years already and we are still waiting reasons why Sputnik vaccine has been boycotted Have you anything to tell us,0,0,No Location,2022-03-11
1502338041914007560,1358074133041582084,WorkinLikeADOGE,Here‚Äôs a fun conspiracy theory Sputnik V was engineered to protect generally against COVID-19 but also specifically against a highly virulent deliberately engineered variant which Russia will release into Ukraine and possibly beyond knowing their troops citizens are safe,0,0,Troposphere,2022-03-11
1502313029605761031,52976968,_bha1,lol Sputnik is now using fake news under the facade of being reported by an Indian journalist But his actual report says the opposite informationwarfare,0,0,::1 || 127.0.0.1,2022-03-11
1502306805468504064,1384505447332339714,J4ck0ffPlan3,Putin announcing that they got Sputnik V out so quickly because they had had intel on the origins of covid because the US labs that developed it leaked like a sieve and that Omicron was their 2nd gen live virus covid vax would be one hell of a press conference,4,0,"Mount Kumgang, DPRK",2022-03-11
1502299766478225415,1457657906,LeadAutonomous,Now you remember that south African is a member of bricks U didn't bother advocating vaccine produced by Russia but the west Ur government refused free 15m doses of sputnik Aaai Hypocrisy feela moo,1,0,"Johannesburg, South Africa",2022-03-11
1502297538652692480,711696202337816576,Ssholesia,This is a side effect of Sputnik V ladies and gentlemen Total Russian madness,0,0,"Kyiv/Lviv, Ukraine",2022-03-11
1502288575018283011,1326552769289879554,j_jeezer,Maybe the virus is real and the real-safe vax was sputnik v,0,0,No Location,2022-03-11
1502282983310786566,1314777601479634945,junghueningie,Make sure these are part of your streaming list and let's get these milestones soon üíö HUENINGKAI Ìú¥ÎãùÏπ¥ 1 Sk8er Boi cover 2M üîó 2 Youngblood cover 6M üîó 3 Dear Sputnik Spotify 20M,15,9,No Location,2022-03-11
1502282889542709250,265419141,meshachayim,In any other part of the world the health Minister would be in prison or at the very least sacked by now Just for what has transpired at LA General Same minister responsible for the sputnik V saga too,0,0,Ghana,2022-03-11
1502272025364213760,1347698174635499521,Grooverecords1,Sigue Sigue Sputnik Love Missile F1-11 Twelve Inch Japanese V by Groovevinylstore via vinyl vinylcollection vinylcommunity music FridayMorning FridayFeeling etsy records vintage vinylrecords vinylrevival vinyljunkie,0,0,No Location,2022-03-11
1502269585252405251,23595391,rdivia,RDIF had set up a vast WhatsApp group to share info on all things Sputnik V guess that goes to dump now,1,0,Toronto. Mumbai. ,2022-03-11
1502261588870701060,1729382708,haru43566429,Ukrainian Girl Sings 'Let It Go in Bomb Shelter,0,0,Êó•Êú¨,2022-03-11
1502259780445954050,1428555932708085762,TheTrueNorth67,If you say so Vlad Manynumbers I bet you got the Sputnik vaccine,0,0,Canada,2022-03-11
1502254132358529024,823803591668498434,RCSC_Tanzania,Humanitarian aid Sevastopol residents transferred food and medicaments to the Kherson region COVID-19 Kazakhstan launches Sputnik Light vaccine production Culture Moscow museums will help refugees from Donbass Read more,0,0,"Tanzania, Dar es Salaam ",2022-03-11
1502244810161369089,1411866380987637762,ASEANNOWPH,DOH Filipinos hesitant to get Sputnik V COVID-19 jabs due to delivery delays,0,0,Manila,2022-03-11
1502231418612568066,1354478359321796614,aitikgupta,i officially demand my Sputnik V cells to leave my body üò§üëé BoycottRussia,3,0,"Delhi, India",2022-03-11
1502223386021404675,1261411911251496968,RussianRob1,Indeed your as stupid as they come believing Ukrainian propaganda numbers Dumb-ass snowflake Are we talking here about Sputnik all of a sudden,1,0,Russia!,2022-03-11
1502222439945752577,1252617670157053958,HarkonenMiika,Actually probably no-one is coming To help your shitty army Why do you think the number is over 16k As same as your Sputnik vaccine has 97 power as the west has 95 Believe every propaganda retard,1,0,No Location,2022-03-11
1502219986877632516,11695172,ericghill,Wasn't the Sputnik vaccine like not good,0,0,No Location,2022-03-11
1502216831183953923,995248126079393792,inullvoid,Registered in August 2020 Russian developed Sputnik V is the first ever COVID19 vaccine ever registered,0,0,vaccum,2022-03-11
1502210148630253569,1637260062,N8te4u,Oliver Stone never met a dictator he didn't want suck off for some reason Also he ENDORSED Putin's anti-gay law and took the sputnik vaccine over any western made one and continues to push discredited Kremlin lies Also's he antisemitic Total loser w mostly mediocre films,1,1,"Boston, MA",2022-03-11
1502208043769110531,1192370202211696640,AQuantumCat1,Didn't the Russians make their own 'vaccine' Sputnik Timing wise COVID has never really ended just a relaxation in some places There is a video of Putin explaining the 'why now of his actions Also did he appear to be going along with the agenda to not rouse suspicion,3,0,Boxville,2022-03-11
1502202124477861890,304422318,DrPatHistorian,One of the early Soviet writers on the fresco mystery if not the first was V Zaitsev who wrote in magazine Sputnik 1967 about the curious chariots Noticed by e g Brad Steiger in Atlantis Rising 1973,2,0,Sweden,2022-03-11
1502202064021200900,48259397,Audrius_Sapola,A link between Sputnik vaccine and a brain dead Russian needs to be investigated asap,0,0,No Location,2022-03-11
1502197508579426307,2990133024,VZapplin,Russian soldiers steal from a chicken coop village in Ukraine 10 Mar via,0,0,No Location,2022-03-11
1502192446809292803,365484977,Jediniall100,I'd be sitting away from everyone too if I'd had the sputnik vaccine,0,0,Dublin,2022-03-11
1502180794030194692,246892997,bosshardhans,just realized Putin choosing to invade Ukraine and every other country sanctioning russia as a result means Sputnik V entering WHO's EUL and being recognized by other countries is gonna be highly unlikely now üôÉ,1,0,lmao idk either,2022-03-11
1502179907253669889,416607340,pazitbark,I knew Sputnik V vaccine had bad side effects on Russian politicians brains üòÖ,0,0,No Location,2022-03-11
1502179354612170754,1465099201981960192,TJSetungwane,Mr President you don't have the guts to support Russia even if you wanted to USA has you by the neck it's not even funny you rely so much on that Westerns that you do whatever they say You rejected Sputnik Russian developed vaccine WHY @ Putin knows your true colours,0,0,No Location,2022-03-11
1502177171908923394,1248722965677723648,seongminwrld,Russia because of Sputnik covid vaccine and russian FM was angry and we send so many weapons worth 40M to UA we have 5 5M population and almost no army little tanks and maybe 11 soviet mig jets that's all if Putin attacks us we are dead cos eu and NATO will just 5 days talk,0,0,Slovensk√° republika,2022-03-11
1502165412565323776,1140830383791116294,Happyli80729814,Comparing vaccines country of origin safety doses price efficacy and approval Pfizer Johnson Johnson Moderna AstraZeneca Sputnik V Sinopharm Bharat Biotech COVAXIN Medicago CoVLP,2,1,No Location,2022-03-11
1502162106384216064,77630385,TheRealJFOD,China and Russia are also pursuing the reset Dude you gotta listen to this,1,1,"Brooklyn, NY",2022-03-11
1502151176229244933,3065235243,BlazBFK,What about banning Sputnik V a Moderna licenced technology against the Russian people,6,2,No Location,2022-03-11
1502141154120200193,2968028219,gordon_struth,That's way too fancy to be this piece of shit the only aircraft carrier Russia's got,9,0,Linlithgow,2022-03-11
1502138116131459075,501723968,jeeesre,So him and Putin lost their marbles now What was included in Sputnik vaccine,4,0,No Location,2022-03-11
1502135933667143681,1349532742543953925,Easy_As_He_They,If you think it's bad that the US had Covid labs in Ukraine ultimately so they could monitor the infection in relation to the Sputnik vaccine and culture any Eastern mutations then wait until you hear about what else they're up to It's wild,1,0,Edinburgh,2022-03-11
1502129434668994561,55118669,PhilstarNews,The Sputnik V jab consists of two different components of the vaccine Government officials earlier said that delays in delivery will not compromise the efficacy of shots,2,0,"Manila, Philippines",2022-03-11
1502127503040729088,34010230,SquidScream,Or at least Presidents Iv√°n Duque and Jair Bolsonaro of Brasil will think so while Putin is fully vaccinated against the variant with the Sputnik V booster shot,0,0,"White Oak,Texas",2022-03-11
1502122812391186432,935894250268610560,dfi_playah,After having David Murrin on you balance it with Tom Luongo well played Mr Bodrovics I agree more with Tom minus the Trump stuff and Russia's development and distribution of the vaccine otherwise spot on,0,0,On your 6,2022-03-11
1502119819625340929,15448383,inquirerdotnet,Filipinos are now hesitant to receive the initial dose of Sputnik V COVID-19 vaccine produced by Russia‚Äôs Gamaleya Institute after the delivery of its second doses was delayed last year the chairperson of the NVOC said,4,4,Makati City,2022-03-11
1502119244011556879,2241525354,TaiwanBN,And see how Macron slams Russia Today and Sputnik news as 'lying propaganda in front of Putin at the press conference in Versailles,3,0,No Location,2022-03-11
1502109702611554304,1596829382,ZyiteGadgets,NVOC Filipinos hesitant to get Sputnik V COVID-19 vaccine due to delivery issues,0,0,http://www.zyite.com/,2022-03-11
1502109032693346304,750824166,northtorontoguy,He is said to be doing that because he is terrified of catching COVID-19 Probably doesn't say much about the efficacy of Russia's Sputnik Vaccine I guarantee that Putin got either Pfizer or Moderna for himself,19,1,No space 4 ironic comment,2022-03-11
1502081916882800661,1130275662,veggie64_leslie,And last I heard the research on the Sputnik vaccine isn‚Äôt solid,2,0,Reality,2022-03-11
1502076149593165835,1949525172,EdwinPynegar,Correct And the Sputnik V deliveries were both late and a lot fewer vaccines than the number initially promised To top it off no-one has any idea how much the Bolivian government paid for them nor whether it got its money back due to the non-compliance,1,0,"Santa Cruz, Bolivia. Of course",2022-03-11
1502071720756269060,1371946332731113478,JamesGriffin195,Do Ukrainian biolabs violate the ban on biological weapons programs Yes Putin knew it was there Covid was a tame effort Russia's Sputnik is a good vaccine Astra-Zeneca was not Pfizer OK Means US Ukraine were creating pathogens Putin stopped it,1,0,No Location,2022-03-10
1502068583576350727,968378863138033664,Percysambo93,I doubt if it's a genuine call we know your proximity with the Europeans more especial America I want to assume that you're a used tool just to spy on the Russians If you value BRICS partnership you could have approved sputnik Russian vaccine and sinovax Chinese vaccine,0,0,"Midrand, South Africa",2022-03-10
1502067012738367492,502028569,michellezenner,Fault Lines Radio Radio Sputnik is funded in whole or in part by the Russian government Wikipedia Same video as Enemy of the State,0,0,Know your location PacNW ,2022-03-10
1502060787594145810,1260691841285931008,MsRedbarn,Look into the Sputnik vaccine being better than Pfizer and Moderna and it will begin to make sense,0,0,So.Cal,2022-03-10
1502057788096360469,1267822628670042116,WarnockWarrior,Russian Sputnik covid vaccine has no side effects says Putin,0,0,"Vermont, USA",2022-03-10
1502054901198868482,1465772015814598659,Danielw92743821,The sputnik vaccine is as good as their tanks ü§£,1,0,No Location,2022-03-10
1502049986762186752,29490401,JThorsbyEsq,Andrei you e lost another submarine,3,0,Stolen Choctaw/Apalachee Land,2022-03-10
1502049506485063680,243296547,3aliyon,I think it's safe to say putin isn't vaccinated he prolly didn't even get the sputnik vaccine,1,0,United States,2022-03-10
1502037183766564895,1259181092097060864,DavidMalton3,Just because I don't support a Fag Ukraining president put in power by Crooked US Politicians does not mean I want to move to Russia Just not supporting another War We can't unwatch this in America,0,0,Arizona,2022-03-10
1502036220725149706,1439118374018113543,helenbmB1,Everyone has to have my earworm as we might be facing nuclear annihilation,0,0,No Location,2022-03-10
1502034631285116938,958084440399298560,WeThePeopleSOS,Putin taking down his own cosmonauts is a real shitty move What a SCUMBAG Russia is going backwards and is not a Sputnik SpaceMarvel anymore US and Russia‚Äôs Space Station partnership could be unraveling via,0,0,Southern California,2022-03-10
1502032842485911562,34010230,SquidScream,In June 2021 Putin said he was fully vaccinated against the disease with the Sputnik V vaccine,0,1,"White Oak,Texas",2022-03-10
1502027618832498695,1263141808005099521,Antonio28729644,could a friend get in the US with the sputnik vaccine,0,0,No Location,2022-03-10
1502019692344479770,1260691841285931008,MsRedbarn,Interesting,0,0,So.Cal,2022-03-10
1502007048367714305,1457958857309892611,Michael38412441,Evolution Of Mumble Rap [2011 2018] Snoop Dogg impersonates today's rappers sound-alike flow Snoop Dogg Mumble Rap Anthem feat 50 Cent Sssssst Sputnik Luisterd MEEE,0,0,No Location,2022-03-10
1502004441976762389,136032520,Yolitatennis,I'm all for vaccination but not for mandates in this particular case Especially not for elite athletes who've had COVID twice or children Nuance thoughtfulness are needed There are red flags around this vaccine The fact that Sputnik was not approved was the 1st one for me,1,0,No Location,2022-03-10
1502004018381533192,48259397,Audrius_Sapola,I think there is an urgent need for a scientific research in order to establish whether there is a link between Sputnik vaccine and the brain dead population of Russia,0,0,No Location,2022-03-10
1501997993750237201,2698008716,GhostofThaddeus,Getting their inspiration from top gear I like it,5,1,"Washington, DC",2022-03-10
1501997737293713425,2716162724,666GOD416,What about sputnik V and people over 18 years,0,0,"New Delhi, India",2022-03-10
1501988662963281923,1380527353013624833,UKhotfoodchat,Sputnik vaccine apparently going cheap,1,0,No Location,2022-03-10
1501986735013650435,16086285,vmlemon,Time to start brewing up some Sputnik V and fabbing some Elbrus chips just like Babooshka used to make,0,0,United Kingdom,2022-03-10
1501984569259708416,1406717017550462979,SilviaMFerrand1,Remember You should add to the list boycott to Sputnik vaccine two years ago A real proud action To boycott a medicine amidst a pandemia Bravo,0,0,No Location,2022-03-10
1501982822646652937,408485120,Bills_Reid,What the fuck was in that Sputnik Covid vaccine‚Ä¶,2,0,Perth,2022-03-10
1501980930512244744,464151179,bjornbert,He knows enough to not trust the Sputnik vaccine But apparently nobody told him Omicron ain‚Äôt dangerous,1,0,No Location,2022-03-10
1501968386808504325,1143530929018822657,LeeWarn24987787,if a chemical weapon is used on innocent women and children he needs to be told that all of wesyern Europe will move heaven and earth to develop a sars add on to the sputnik v covid vaxxine if you have a rabid dog you kill it that is the only end game hereüò≥,0,0,No Location,2022-03-10
1501963885221453826,1347698174635499521,Grooverecords1,Sigue Sigue Sputnik Love Missile F1-11 Twelve Inch Japanese V by Groovevinylstore via vinyl vinylcollection vinylcommunity music thursdayvibes ThursdayThoughts etsy records vintage groovevinyl records,0,0,No Location,2022-03-10
1501961044532596750,200859598,travhans,I fear the Sputnik vaccine is affecting you Do you support Putin massacre of innocent civilians too Did the 'West not offer Italy any vaccines,1,0,No Location,2022-03-10
1501959882605486080,36375825,GovCanHealth,1 2 Hi thanks for your question At this time Sputnik V is not considered a Government of Canada-approved vaccine and foreign nationals fully vaccinated with this vaccine are not eligible to enter Canada,0,1,Canada,2022-03-10
1501958375805968384,18525497,glynmoody,yes he is utterly paranoid despite the wonders of sputnik v,0,0,London,2022-03-10
1501957693925376009,22676772,ktetch,wasn't he boasting about taking the Sputnik V vaccine last summer Does he think that badly about it,0,0,"Georgia, USA",2022-03-10
1501954606556803076,1406717017550462979,SilviaMFerrand1,No The idea is not to boycott Sputnik vaccine or any medicine because it is a crime And do not be complicit with those that promotes wars and oil consume,0,0,No Location,2022-03-10
1501951509059158016,1371096435635204098,TheToonTweets,Don't worry she wouldn't advocate our planes anywhere near striking range of Russian pilots unless the latter were double masked the cockpit of a MiG is a confined space after all and would have to prove they had had 750 booster doses of the Sputnik vaccine,2,0,"Newcastle Upon Tyne, England",2022-03-10
1501938944157827072,1326341027104387072,Charlie23899925,Sputnik covid vaccine Lol,1,0,"Hua Hin, Thailand",2022-03-10
1501937775741865996,1032836335,WigleyLonghi,May Mars [attack üòérigh Jack ‚ñ™Ô∏éAH-64 [AC-64] Apache Attack Chopper a surge Sputnik [High V apply now Vlad It's Mohica scalping as Navajo ‚úí üá≥üá±,0,0,"Crematoria, Hell",2022-03-10
1501937452046434305,1001729151001350144,May75072092,When Russia was developing the Sputnik vaccine how did they do it Not in biological laboratories Didn't they themselves research the coronavirus to invent a vaccine Aren't they studying other viruses now Why is this document written in two languages at the same time,0,0,No Location,2022-03-10
1501924630227005449,113703970,elissetennis,Yep I‚Äôm sure they are trying to say that I thought about it the other day turn everything that Russia says to the opposite could possibly mean that RU were involved with starting covid themselves I‚Äôm sure Sputnik vaccine isn‚Äôt really for covid either‚Ä¶,1,0,London,2022-03-10
1501921792813895680,1059194839525478400,MarxenPhilipp,I can‚Äôt buy a Russian phone Need to buy a new iPhone now Good God have mercy And Ladas will not be available so I have to buy a BMW And the Sputnik vaccine will not be available so I have to rely on Biontech And ‚Ä¶,17,1,here and there,2022-03-10
1501919194908180487,1225327947051085824,tweetogbami,When l think of how Government destroyed the functioning La General Hospital that US President Barack Obama visited in 2008 l can't bring myself to understand how and why what occured happened And the Health Minister is still at post after this and the Sputnik V saga Hmmm,1,1,No Location,2022-03-10
1501918936127971330,485906432,DianaHuarte,Yes they have their own vaccine Sputnik which has been distributed to many countries in South America Pfizer it's not only Covid vaccines they should leave Russia,2,0,"London, England",2022-03-10
1501915257970831367,3170193561,SirSydneyCamm,Are you saying Chinese traditional medicine is better than the Sputnik vaccine,0,0,No Location,2022-03-10
1501913069680795649,1367021803844083713,Saintmarcos52,For example India was distributing AstraZeneca to African and Caribbean countries Russia was distributing Sputnik V to African and Caribbean countries and America was initially distributing Johnson Johnson and started Moderna and Pfizer shortly after,0,0,New York,2022-03-10
1501912608093483009,48259397,Audrius_Sapola,I think a scientific research is needed to establish whether there is a link between Sputnik vaccine and the brain dead population of Russia,8,0,No Location,2022-03-10
1501911078116249607,1462520753837035523,ZisarukBas,Give him another dose of Sputnik V vaccine brain dead,0,0,No Location,2022-03-10
1501909513368047617,1485301080506331137,Hell0there11,Please allow travellers to enter Canada if they are fully vaccinated with SPUTNIK V ü•∫,1,0,No Location,2022-03-10
1501904152212869122,1332354442901929986,mukundan_sanjay,sputnik My second article about Sputnik vaccine,0,0,No Location,2022-03-10
1501872863821037569,1039683081731563520,pgpicworld,can you please help us We have taken Sputnik V both doses and now can't travel to US Please guide us,0,0,No Location,2022-03-10
1501866886950178818,2428600146,sirfloriank,What the hell was in Sputnik V,77,3,"M√ºnchen, Bayern",2022-03-10
1501865312362409988,1487061064709816321,oowlieowl,Me to President Putin If you had not done the research you are now accusing the US of how come Sputnik was ready when the Wuhan virus was brought to the world As were Sinovac and Biontech In the US there was no vaccine available -,0,0,No Location,2022-03-10
1501861885792210947,1253767525776723969,BetweenyouI,EFF also marched for Sputnik vaccine When EFF marches it's not for the benefit of the poor but themselves so let's leave them out of this conversation If we want stadiums to reopen just stop watching matches on then their ad revenue will drop,0,0,No Location,2022-03-10
1501855075974762499,2578603355,HelenRamscar,This time last year countries including with the EU were scrambling to do deals with Moscow and secure its Sputnik V vaccine Putin threw away a big soft power advantage in preferring violence Now it‚Äôs the force of soft power at its most effective that might finish him,0,0,No Location,2022-03-10
1501845280320540673,134346721,EdwardBedivere,EU changed this anyway They're shit Brexit -4 gdp Aus +0 08 NZ 0 00 Zero tariffs on all agricultural products UK farming fucked UK ventilation scheme a success False Vaccine scheme under EU rules Hungary also went alone bought Sputnik Hungary is in the EU,7,2,1972 Tr ing to ret rn to 2016,2022-03-10
1501843325615329282,1464857147401981954,PetBradbury,They can make novichok and other biological weapons The Sputnik V vaccine they had fast surely they can produce insulin So for me it's not a right decision ü§ê,3,0,No Location,2022-03-10
1501842690119544840,1397860150023700480,Renthill1,A Russian soldier tells his girlfriend what is happening in Ukraine It's an apocalypse he says Putin Kremlin Sputnik Russia,1,0,No Location,2022-03-10
1501820227004387328,1454830878283247619,Glumyx,madison beer nudes got leaked see more at this link,0,0,No Location,2022-03-10
1501805785201979393,1483113393410170887,Vuyo02286575,I haven't seen the report on Sputnik vaccine Have you seen it Yekela umona jealousy,1,0,No Location,2022-03-10
1501803103687004161,1494726644866686982,NNEWBOOSTSAHER,tension in Russian vaccine I will take another vaccine b3c Imran's pti ttp tlp at kar bank ubl new vaccine card with another Sim card,0,0,No Location,2022-03-10
1501799552969412608,38133403,ssg10,Just like Sputnik vaccine,0,0,No Location,2022-03-10
1501778495135002624,719315330401771522,AMKR4LIFE,Villain get the money like curls They just tryin to get a nut like squirrels in his mad world Land of milk and honey with the swirls Where reckless naked girls get necklaces of pearls - Curls by Madvillad MF DOOM Madlib,0,0,Greater Boston Area/Northshore,2022-03-10
1501772911786356736,2800179560,haramphil,for most people it's probs the nft thing for me it was her neutral stance on pa estine isr el she also upset russian fans when she posted biased info about the sputnik vaccine,2,0,danielwhoell.tumblr.com,2022-03-10
1501769425535574016,1245414145077329920,pharmcollege,Panacea Biotec which makes the Sputnik V Covid-19 vaccine has been struggling to repay a debt of Rs 750 crore to Piramal Enterprises and India Resurgence Fund IndiaRF via KabilanPharmacist Pharmacy PharmacyCollege,0,0,No Location,2022-03-10
1501765747348893705,1391271366070964227,143ksj,when will you approve of sputnik v ITS BEEN AGES,0,0,üáµüá≠,2022-03-10
1501753384130396163,1181768275593531393,HistoryAshHeap,That‚Äôs good You‚Äôd think they‚Äôd be suspicious since FB TikTok Twitter the internet all news w the exception of Sputnik has gone black Although some of my social circle still thinks TFG is president the COVID vaccine is a mind controlling chemical weapon,20,1,Tweeting From My Space Ship,2022-03-10
1501707544674271236,752091992,mikecore86211,Why don‚Äôt you like Putin Is it the Graphene Oxide in the Sputnik V gene therapy,0,0,"Buffalo, NY",2022-03-09
1501688701843345414,1492623295828660227,sapo_revolution,¬´As COVID vaccine demand falls [US states left with huge stockpiles [ ] The problem is not unique to the U S More than a million doses of the Russian Sputnik vaccine expired this week in Guatemala because nobody wanted to take the shot ¬ª,2,0,No Location,2022-03-09
1501680833442336769,752091992,mikecore86211,Stop kink shaming people for wanting to get peed on while not having any evidence people were peed on You know Putin put Graphene Oxide in Sputnik V just like Trump did in warp speed You‚Äôre all gonna die,0,0,"Buffalo, NY",2022-03-09
1501678697803399173,1394731367078969344,LauchLudger,BlaBlaBla,0,0,No Location,2022-03-09
1501675050134560768,1258689253732757506,DavidCo23212387,It's been two weeks now And they're just spearheading inland with scattered columns just taking control of the roads they're on You say Sputnik you mean vaccine right,4,0,Milano,2022-03-09
1501672191183761417,102876328,CoralilloAprila,please help me to clarify If my parents have the 1st and 2nd vaccine shot with sputnik and the 3rd with AstraZeneca are they able to travel to USA,0,0,No Location,2022-03-09
1501670674959634440,1301286160027836417,Saffroniqu3,I saw this earlier made me lol If the tractors get stuck going in for the tanks couple of chains and some trees will get ya out apparently,1,0,No Location,2022-03-09
1501669465318121472,102876328,CoralilloAprila,Mr Ken if my parents have the first 2 shots to vaccine with sputnik but the 3er one was with AstraZeneca vaccine they could travel to USA,0,0,No Location,2022-03-09
1501650906009505793,1371525734,AdikuSelorm,We no want any Sputnik V kinda deal this time around But whom am I to tell what to do,0,0,ghana,2022-03-09
1501648264369778688,1046030582235496448,DamnedTrump,I think he meant the Sputnik vaccine which reportedly doesn't work,15,0,No Location,2022-03-09
1501643892831125504,28622747,agustinavcid,Yeah I don't know Russia didn't turn authoritarian with the Ukraine war though I think a potentially relevant indicator of Russian's mis trust in the government is the low vaccination rates for the Sputnik V vaccine But it's hard to tell,1,0,Southern California,2022-03-09
1501631165526073347,1060407022087233537,Maurici25176881,in all fairness Sputnik vaccine is MUCH less sketchy that pfizer moderna's mrna jab not even a vaxx,0,0,No Location,2022-03-09
1501618856095272968,522206808,RealWheel1,The Sputnik vaccine which has not received approval from the European Community is said to be relatively ineffective The death toll from Covid19 in Russia is estimated between 650 000 and one million This result is not very glorious for PUTIN's government,0,0,Paris,2022-03-09
1501616531943399438,883354862896984066,DSL_power,order to buy sputnik vaccine I guess,1,0,BLWWNJH,2022-03-09
1501607538508410892,1427327482525622276,DebraKn56859562,The face of E V I L,2,0,No Location,2022-03-09
1501602515699310597,93396961,splendidturmoil,I agree wholeheartedly And I had a different opinion just a few weeks or perhaps months ago I thought the Sputnik vaccine was great and I thought that Nord Stream 2 should be completed I was wrong about Russia Now we need to adjust to this new reality decisively,0,0,Germany,2022-03-09
1501590440889491464,818137459083137025,auto_sphwbb,Kanye said british rights Need the sputnik v plug fr üîåüîå,0,0,No Location,2022-03-09
1501589506914496515,1396819965928476676,AmeliaRulez_,NeverVoteConservative N E V E R Team Deep SHIT üçëüí®üí© Amen Sputnik KochNetwork ‚õΩüõ¢ Oink Honk,1,0,South Park ,2022-03-09
1501588883229790209,1273960637304115200,Aw_what,If I was a conspiracy theorist I'd want to obtain David Livermore's emails as he was on the advisory board for the Russian Sputnik V vaccine a member of Hart who have questioned Western vaccines also a member of Gupta's GBD'ers Collateral Global,32,14,No Location,2022-03-09
1501580016093745164,1032836335,WigleyLonghi,Orion [Sputnik V] ‚úí Telephone conversation with President of Egypt Abdel Fattah el-Sisi via,0,0,"Crematoria, Hell",2022-03-09
1501567789970202625,1274936321757323266,enrique_abyss,Getting my third vaccine shot today The last time Moderna I had the worst fever in my entire life in conjunction with hallucinations it really fucked me up I know I'm expecting a better outcome today AstraZeneca or Sputnik V,7,0,"Orth, at the top of the Abyss",2022-03-09
1501566706589835269,1347698174635499521,Grooverecords1,Sigue Sigue Sputnik Love Missile F1-11 Twelve Inch Japanese V by Groovevinylstore via vinyl vinylcollection vinylcommunity music WinnersWednesday wednesdaythought WednesdayMotivation records vintage soundtrack,0,0,No Location,2022-03-09
1501564464948150272,34655092,shep5556,Can't blame Moderna You authorized its injection Blame the US government who has created this con or just get a normal vaccine Canada has Astrazeneca and Janssen US has Janssen Mexico has AstraZeneca Sputnik V CanSino Biologics and Janssen,0,0,USA,2022-03-09
1501562624198250500,1349079009955610630,Sylwia01574152,But Russia didn‚Äôt accept Pfizer in their country I live in Poland and many Russians were coming here to take Pfizer vaccine as they couldn‚Äôt not travel In Russia they have Sputnik vaccine which West countries doesn‚Äôt approve Lockdown in Russia was very short almost none,3,0,No Location,2022-03-09
1501560109826293763,113373418,Healthcare_GD,Russia sanctions what next for Sputnik Covid-19 vaccine production around the world by and Russia Ukraine SputnikV COVID vaccine sanctions,14,3,Worldwide,2022-03-09
1501552303857352709,1431408428950462467,bezmqyu,i want a dear sputnik M V üòê,0,0,No Location,2022-03-09
1501548623313530880,864284951423967238,NicolasKtown,I think they want to break the couf propaganda with sputnik V but the west say no thanks,0,0,belgium,2022-03-09
1501530323632406529,1429353538849738754,Edwin43855216,He went as far as importing his own vaccine ie sputnik this man Ruto the Russian has nothing to offer us,4,0,No Location,2022-03-09
1501530118145122309,3015102947,BondHack,Side effects of the Sputnik vaccine may include posting on LinkedIn about Russia's war in Ukraine without using the words Russia or Putin at any point,43,4,London,2022-03-09
1501520428820418560,1297435045490077703,Ravianant12,There are some people who are Supporting Putin rn There are also some people who Took Sputnik the vaccine Coincidence Some are Plain dumbfucks also,0,0,India,2022-03-09
1501508764133990409,921400462838042624,medrxivpreprint,PeerReview from of üëâ Memory B cell and humoral responses elicited by Sputnik V in na√Øve and COVID-19-recovered vaccine recipients medRxiv reviewedpreprint,3,0,"Cold Spring Harbor, NY",2022-03-09
1501507067223359488,219920642,Ult_Nationalist,2 years ago US press release said these are vaccine research labs If so then why are they worried about leaking this research info to Russians Russia is already much stronger in this field than US eg Sputnik,0,0,Akhand Bharat,2022-03-09
1501500858214797314,2829916561,wobblybee,honestly i still don't really believe that they called the vaccine sputnik what a country,0,0,EDB,2022-03-09
1501498033388855296,2918089872,fr_brennan,Feel better - Hope it's not COVID Were you vaccinated Hopefully not with Sputnik V,2,0, Ôºà„ÄÄ„Éª‚àÄ„ÉªÔºâ„Å¨„Çã„ÅΩ ,2022-03-09
1501480414497628163,3196316226,MarkLavrynenko,Lithuania could be a target of next Russian invasion I totally understand them Bangladesh could use Sputnik V if they support Russia,0,0,Ukraine,2022-03-09
1501477974675267586,1408738082384404482,LPonalo10,And also why do you think the vaccines used are from USA why do you think they bad mouthed the sputnik vaccine from Russia Let me tell you why cause the plan of the pandemic was orchestrated in the USA the russians are too clever to receive a solution from the enemy,0,0,"Kuruman, South Africa",2022-03-09
1501477184199958528,137277542,KobbyGomez,They can only supply us Sputnik V But Emirati businessmen won‚Äôt come to a country where they can‚Äôt be assured of regular power supply They want investment like no one else that‚Äôs the point of the expo But our President finds a flying opportunity Let‚Äôs see who follows him,0,0,"Tema, Ghana",2022-03-09
1501475655942385664,770287083839754241,ForeignWonkery,If you have questions about the Sputnik V vaccine average Russians do it in its wa‚Ä¶,0,0,"Washington, DC",2022-03-09
1501467557508919297,1358122462119161858,BobnarMarko,Facts Putin is a member of yung global leaders by WEF he used sputnik V on his people Ukraine is the heart of global suply of gas and food There are too many coincidences for this not to be 2nd stage of the agenda In the background everything is rolling out as pland,1,0,No Location,2022-03-09
1501458885676511239,1039683081731563520,pgpicworld,Why in first place SPUTNIK was approved in India What common people like us will do now Due to the war situation it is unlikely that Sputnik V will be approved by WHO in near time So how will we travel to US and EU Please guide,0,0,No Location,2022-03-09
1501448144235732997,76007250,jankunnas,Perhaps Putin gives them Sputnik which is supposed according to Russian sources to be the best vaccine Or a country like the US further away from the Ukrainian front has spare vaccines to give,0,0,"Central Finland, Finland",2022-03-09
1501434839383293952,1460192987418406915,Nnial2083,Maybe this was why the Sputnik vaccine worked so well Russia suspected this a while back possibly,0,0,"Africa, below 25 south.",2022-03-09
1501421849678422019,1324098911313813504,elisanima_,the way it was my country‚Äôs government‚Äôs fault that the only vaccine that was available to me at the time was the sputnik one and thanks to that i can‚Äôt travel to the u s IT WASN‚ÄôT MY FAULT WHY AM I BEING PUNISHED,4,0,love is all we have || blm,2022-03-09
1501414362317086725,153830293,dumpingtea1773,Russia Joins Centre for the Fourth Industrial Revolution Network Press releases World Economic Forum Sputnik V It's what Klaus Schwab craves,0,0,US of Banana Republic,2022-03-09
1501380902068314118,283711318,sibersong,Ukraine should set up huge speakers to broadcast tractor sounds at the Russian conscripts,1,0,SAVE OUR DEMOCRACY,2022-03-09
1501380148217663494,283711318,sibersong,The Tractor Song,0,0,SAVE OUR DEMOCRACY,2022-03-09
1501375936238960642,702630460,Ngwako73,We haven't forgotten that our government rejected Sputnik vaccine from Russia,0,0,No Location,2022-03-09
1501373345027084289,823349574739734528,pnagovph,The Philippines has already received all the 10 million doses of Sputnik Covid-19 doses ordered from the Russian government The NTF said there will be no vaccine deliveries for now from Russia which is locked in an armed battle against Ukraine,3,0,Quezon City,2022-03-09
1501360697443110919,1479887118399062016,007xxo1,It hasn't been easy with Covid we know It would be nice if we could encourage one another at times such as these Here is a brief happy video that fills us with hope and refreshens our heart May you be happy and healthy,0,0,No Location,2022-03-09
1501357033056047105,1123567426074042370,hazytoucan,sputnik v wasn't so good after all huh,1,0,Norway,2022-03-09
1501329141362311171,1091375783673823232,tofolux3,If Pres JZuma was still the President we would have had SPUTNIK V vaccine or IVERMECTIN to give MANY a better chance to fight,0,0,No Location,2022-03-08
1501322324552740864,2716162724,666GOD416,Why isn‚Äôt sputnik V not approved yet,0,0,"New Delhi, India",2022-03-08
1501322245045583873,2716162724,666GOD416,why haven‚Äôt you approved sputnik Sputnik vaccine People are stranded due to your negligence,0,0,"New Delhi, India",2022-03-08
1501321718119505922,1498159580915847169,targyone2,Jimmy Dore Tucker,0,0,No Location,2022-03-08
1501311832363044866,1184227259810537472,PoetikThoughtz,Then I take the vaccine from Sputnik Russia Putin They were back to normal three months after lock down That vaccine doesn't seem to be making waves in the news Why,0,0,North Pole,2022-03-08
1501309560535109637,900826280081358848,MikePrevost3,Hey take 'er up for a spin Vlad,1,0,"Tampere, Finland",2022-03-08
1501302579602419712,1285954032813649923,SH_144000,If there are any side effects from the Sputnik vaccine would love to know There is a chance she already heard something about Sputnik but I'm not sure,0,0,No Location,2022-03-08
1501298438784307200,926874162798395394,dreamabtlife4,I hope bangladesh will call russia and ask Their vaccine sputnik,0,0,"Brasilia, Br√©sil",2022-03-08
1501297685952962560,1175445534854852619,LogExe,The US also doesn‚Äôt allow foreign travelers who were not vaccinated with WHO-approved vaccines They are considered unvaccinated and barred from entry So if you happened to have been vaccinated with a vaccine like Sputnik V you‚Äôre out of luck No exceptions made,0,0,No Location,2022-03-08
1501296495592681473,1405791550437797889,BarryBowers14,I blame the Sputnik vaccine The whole leadership has lost its mind,0,0,No Location,2022-03-08
1501278473217724416,168779985,ChildAidReading,One million Sputnik coronavirus vaccines expire in Guatemala It was unclear if people had any particular doubts about the Russian vaccine or if they were unwilling to take any vaccine Full Story,0,0,"Portland, OR",2022-03-08
1501276157559414796,1598737110,abraham64Haile,Bangladesh's political independence should be respected in the UN Bangladesh should look into a more reliable vaccine like the Sputnik V,1,0,"GOTHENBERG, SWEDEN",2022-03-08
1501272484712222726,1184606126047977472,sobinia1,i wish in the sputnik vaccine where a bill gates chip for locating putin and activating a bomb in his head StopRussianAggression StopPutin StopWarInUkraine 13 days in hell is 13 days too long,0,0,No Location,2022-03-08
1501268939300507650,1214720599391535109,ReptileStare,Putin has been pushing his own poison Sputnik V which is the same technology as AstraZeneca adenovirus vector Russia was one of the first jurisdictions to impose vaccinepassports Russians also suffered under some of the strictest COVID19 rules,0,0,Planet Earth,2022-03-08
1501267011535446016,701050422711099393,_Equilibrium02,I think that UkrainRussiaWar will soon create an impact on Vaccine approval More countries will not allow any person vaccinated with Sputnik V,0,0,"New Delhi, India",2022-03-08
1501256700531290114,2566043149,BETO40358322,üáµüá≠ Last Messages Philipines üáµüá≠ üáß üá∑ üáß üá∑ üáß üá∑üá∫,0,0,"S√£o Paulo, Brasil",2022-03-08
1501255869740290059,1250099601962663937,DefenceUnderdog,Can't Russia fill that void with their sputnik vaccine,0,0,No Location,2022-03-08
1501255828459958276,64675838,RingoNbi,Not really maybe Nigeria Zambia Somalia or Kenya just needs it more Those Bengalis should get a freezer for that Sputnik V,0,0,Terra Firma,2022-03-08
1501252221501001728,17402007,mtngun,I'm sure Russia will happy to provide Bangladesh with the Sputnik vaccine Win for Russia,1,0,Joseph Plains,2022-03-08
1501251793170354177,252546993,PharmaTechFocus,Russia's invasion of Ukraine has knock-on effects for the Covid-19 pandemic with supplies of Sputnik V vaccine to Asian African and South American countries now in question,0,0,No Location,2022-03-08
1501247802839646215,347958455,kakaramba101,Anyway that vaccine is poison Bangladesh must get sputnik 5 Boom,0,0,South Africa,2022-03-08
1501246931254792194,3534035121,12longmohatla,You are a SPUTNIK Vaccine candidate wena sdege,2,0,I Don't Give A Damn Avenue. ,2022-03-08
1501244964713418753,719281421,taphengsai,It's on Newsweek not Sputnik so I guess that it's trustable üòâ,1,0,No Location,2022-03-08
1501238047547043841,44051770,The_Misanthrope,We actually have several million people here in Mexico that were inoculated with Sputnik V so I guess it's a good thing we are a key commercial partner A K A fucking lapdog to the US Hegemony so I'm sure we'll be overlooked for our tainted Russian antibodies,0,0,No Location,2022-03-08
1501234340893798408,276753823,Pristinereg,Russia will give them the Sputnik vaccine No biggie,0,0,No Location,2022-03-08
1501230729417859073,1496068684791656450,ncklvsk22,The true face of nazism Luckily Sputnik V can now replace the vacuum and the best part is it's not mRNA,1,1,No Location,2022-03-08
1501226156900892673,811972460560019456,republic,WarLeague It's never been Ukraine vs Russia the US has always been in the mix Tatyana Kukhareva Dep Chief Sputnik Websites Moscow,30,4,"Mumbai, India",2022-03-08
1501225306778386436,494102338,MaleteMokobane,SAHPRA should never be trusted They shot down Sputnik V stating that it exposes SA men to HIV meanwhile giving praises to Pfizer forgetting to mention it exposes everyone to death,2,0,No Location,2022-03-08
1501219958172241923,1493684635120799747,CValdit,can you ship Sputnik V vaccine to Bangladesh,0,0,No Location,2022-03-08
1501217871736848397,1321957381824303106,OfTarquin,Zepad Meaning Western division you will also see v for vostok Eastern,1,0,Ydorap Marine Research Centre,2022-03-08
1501212747639693316,1485301080506331137,Hell0there11,Please allow International students who are fully vaccinated with SPUTNIK V ü•∫,1,0,No Location,2022-03-08
1501212143240290312,2252264353,CodaStory,Vaccine diplomacy can only go so far it seems Some of the countries who received the Sputnik V shot voted in favor of the UN General Assembly motion condemning the Russian invasion of Ukraine,6,2,"New York, USA",2022-03-08
1501211052339601411,278828626,AaronCDouglas,I believe should fill the gap with 'Sputnik V vaccine and move on Bangladesh üáß has nothing to lose here it goes to show how Lithuania is so not independent as a nation no sovereignty whatsoever Lithuania is the biggest loser in this,2,0,No Location,2022-03-08
1501194657346117638,130504987,ravil_rocks,Read somewhere today Pfizer vaccine hasn't been allowed in Russia because it completely wipes out brainwashing effect of Sputnik V,1,0,"Perth, Western Australia",2022-03-08
1501181178883162115,2376971876,OPozzuto,This will work better than the mask in case of the Russian invasion and another Sputnik vaccine ü§£ü§£,5,2,"Adelaide, South Australia",2022-03-08
1501173164100964353,1329485440706023430,CrofeatherJohn,Washington Post Renews Calls to Censor Radio Sputnik via,0,0,"Welland, Ontario, Canada",2022-03-08
1501169611160571908,940038608647360516,APublicLifePH,The Philippines has already received all the 10 million doses of Sputnik Covid-19 doses ordered from the Russian government National Task Force Against Covid-19 chief Secretary Carlito Galvez Jr said Tuesday CovidVaccine,0,0,No Location,2022-03-08
1501166699650985984,985165009960529921,FaultLinesRadio,Washington Post Renews Calls to Censor Radio Sputnik WATCH,8,8,"Washington, DC",2022-03-08
1501141619784908803,848254407816863744,LindaLeeYou123,I've heard using a VPN located in India works I'm still getting my news from Fault Lines Radio Sputnik on youtube every weekday morning a three hour call in show We'll see if it's on today,1,0,"New Mexico, USA",2022-03-08
1501140615719002115,1488917391077687296,rebel76070135,Sputnik vaccine doesn‚Äôt work when in a invasion üòÇ,2,1,No Location,2022-03-08
1501134997511675905,77973889,caterita2008,So Putin informed us that he considers San Marino as an unfriendly country‚Ä¶San Marino aka the only state who bought the Russian vaccine Sputnik anyway Ukraine isn‚Äôt on the unfriendly states list PutinIsALaughingStock DeposePutin üëáüëá,0,0,rome,2022-03-08
1501118649603608582,593479912,carvin_brown,Oh yes I'm ouchea typing bt thinking abt Sputnik well I think we jst ignorant wat America did to Libya Afghanistan etc should've been a lesson I read Bill Gates spoke abt taking down the world population using vaccine I mean look wat America did to DR Sebi too,0,0,South Africa,2022-03-08
1501095300714221569,1091991019716071427,CryptoRbrt,No these are side-effects of Putin's Sputnik vaccine,2,1,"Singapore. New York, USA. ",2022-03-08
1501087737360920576,1696780987,TheRealPro7,Did you notice that at the height of weird classism people who took Pfizer vaccines looked down upon people who took J J and those who wanted Sputnik V They called us the organic ones trash Almost all your influencers took Pfizer vaccines look at Godüòä,127,39,No Location,2022-03-08
1501079695844155395,1450552986330177538,KryptonKing3,They do receive donations from Bill Gates foundation That is definitely conflict of interest They refused to approve sputnik and allow that vaccine into South Africa even though it's approved in more than 50 countries But approved Pfizer Moderna and J J SAHPRA üëéüëéüëé,10,0,South Africa,2022-03-08
1501076656026533888,436869979,Pacnana02,The leadership at must all be arrested They kept telling us that Sputnik V is not safe yet meanwhile they're administering poison to SAns Pfizer,3,1,Azania (Soweto) ,2022-03-08
1501074640101388288,1497951786388365318,l_salagub,Sputnik vaccine has struck your brains a degraded nation that is striking,0,0,Ukraine,2022-03-08
1501069096389066756,737090988,StonehamAshley,I think their Covid 19 Sputnik vaccine was spiked,0,0,Gaborone BW üáßüáº,2022-03-08
1501067938689912836,770287083839754241,ForeignWonkery,Sputnik V has struggled to gain‚Ä¶,0,0,"Washington, DC",2022-03-08
1501063885490585601,1453845650039214083,AyevDood,You've clearly never heard of Elbrus processors AK47 Sputnik both the satellite and the vaccine lol and Yandex better image search than Google Also piracy is based,0,0,No Location,2022-03-08
1501042941787361281,860633630,calmedtrees,T-14 Sputnik vaccine Checkmate fighter Hypersonic missiles 76ers fans call it winning the press conference,4,0,No Location,2022-03-08
1501024718039953409,94773490,momonosla,Love Missile F1-11 Flaunt It Sigue Sigue Sputnik „Çà„Çä,0,0,No Location,2022-03-08
1501022409570369537,1092190865706176512,TP_UKMingeLane,He can‚Äôt answer just like his unsafe Sputnik vaccine he was pushing the other day,2,0,"Langley, VA",2022-03-08
1501020561962827777,110914884,sanjaibiotech72,Request to get arranged 2nd dose of Sputnik V my daughter 18 got the first dose on Jan 22 in Punjab Non-availability is creating a problem for those 18 years who have to first dose Urgent request please,0,2,"Patiala, Punjab",2022-03-08
1501008973960564738,1459014642215366678,route1088,Sputnik V the only vaccine that would work in this situation,1,0,kentucky ,2022-03-08
1501000733499564038,1206277031039832064,MartinHudon4,Same people who gave us Sputnik The vaccine,1,0,No Location,2022-03-08
1500990080479109133,306656413,TamrikoT,Lol San Marino the country Russia saved so many lives with Sputnik V Unbelievable,9,0,Stalingrad,2022-03-08
1500987305015877632,1231015789827887104,Un_nownSoldiers,The Russians the Ukraine regime took such delight in killing for 8 years says Donbas is their land,0,0,Worldwide,2022-03-08
1500983233256869905,15353455,IanFichten,Funny thing is that San Marino had been cozying up to Russia with the Sputnik vaccine So much for that,2,0,New York,2022-03-07
1500980053219450880,1335187574,Webpuppy45,Yeah but did Sputnik have its own hit song,0,0,Free Podcast Bumper Music,2022-03-07
1500963997658533901,448392744,FabioDAleo,Serves them well they played footsie with Russia for years They even tried to vaccinate all population with Sputnik V before backtracking,0,0,Cambridge UK,2022-03-07
1500962630181298185,374262348,heidi_in_italia,They used the sputnik v vaccine there,0,0,40034 italy,2022-03-07
1500959887936872456,1249741197016543234,Parker18YYZ,Lay off the Sputnik V pal it might be affecting your sense of reality,0,0,"Toronto, Ontario",2022-03-07
1500952163371171840,57055103,dj4aces,I can't find anything obvious The only thing I did find was an article stating San Marino was offering foreigners Russia's 'Sputnik Light vaccine from when it reopened for tourism,0,0,"Atlanta, GA",2022-03-07
1500943030915846146,50111084,maxinabruno,They used Sputnik vaccine,0,0,No Location,2022-03-07
1500939641700106243,1452554738629845002,sichergeben,Weatherday My Sputnik Sweetheart,0,0,üåç,2022-03-07
1500939101301886977,1457781877331300356,DLux79,There are no words for such absolutely unbelievable what's going on in your head Was there something wrong with the vaccine Sputnik and whole Russia is a Zombie nation Let me show you at least something my biggest contempt to you and the whole criminals in the Kremlin,0,0,No Location,2022-03-07
1500938458306646017,194382347,Maxsimile,Actually quite a big shift in their foreign policy,0,0,"Somerville, MA",2022-03-07
1500937519248125954,77445885,renezahradnik,Joo Johnny Deere,0,0,"Prague, Czech republic",2022-03-07
1500933930031239178,333191168,magnemightiest,SM was notoriously neutral during WWI and II isn't part of the EU and imported and distributed the Sputnik V Covid vaccine when other countries wouldn't Has something major happened in the last five minutes,0,0,"Maryland, USA",2022-03-07
1500932901298479106,1351884590944813057,rf231117,So much for vaccine diplomacy 90 of San Marino's population was vaccinated with Russia's Sputnik V vaccine,0,0,No Location,2022-03-07
1500926837392052225,607640040,FelixEcht,Hmmm does the RNA corona vaccine ‚ÄûSputnik V from Russia perhaps change the genetic material ü§î,0,0,"Blue Earth, MN",2022-03-07
1500921432464838657,11050242,MattFrank,For anyone looking for the possible reason for San Marino being included This NYT article from last year shows the close ties they had including sharing vaccines I'm guessing Russia isn't happy they aren't repaying what it sees as favors,1,3,"Chelsea, MA",2022-03-07
1500920943862026245,1339895618848829441,Doubts16990189,The polish voice of Google maps has a special message for Mr Putin,2,2,No Location,2022-03-07
1500917278371680265,4018383077,norddub333,Strange side effects from the Sputnik vaccine ehh,0,0,No Location,2022-03-07
1500911250653552641,14157112,JoyShiningStar,Russia called out the Swiss listed Liechtenstein as Putin is coming to terms w what his legacy is San Marino was given the Sputnik vaccine which allowed Russian tourism there is taking a diplomatic jab at San Marino bc they used to be friends hehe,1,0,SoCal/South Carolina,2022-03-07
1500910720451739648,1142341960578945025,Rahulbh42078167,sputnik Tomorrow is my last date for taking Sputnik v 2 nd dose can u please suggest where i am find because i am not able to find vaccine in my locality,0,0,No Location,2022-03-07
1500910475151880197,2357647951,NorthOnSixty1,Those mRNA drugs are not life-saving They will be far better off with Sputnik V or Covaxin,4,0,HELL. Formerly known as Canada,2022-03-07
1500909450651181058,306656413,TamrikoT,Russia can send Sputnik V a much better and safer vaccine than the western crap,16,3,Stalingrad,2022-03-07
1500906847427076098,1314860766,MikeRobbins19,They are incorrect An EU member state can approve and administer a vaccine not approved by the EMA at least two and I think three member states deployed the Sputnik shot which is not EMA-approved,3,0,New York and Norwich,2022-03-07
1500906693768667137,1288474449889689601,khadynal_times,üá¨üáßüá∑üá∫ Trials confirm safety of AstraZeneca Sputnik vaccine combo mixing jabs from vaccines developed in the UK and Russia showed acceptable profile according to preliminary data,0,0,No Location,2022-03-07
1500906064983826450,1355988961609576448,Schrottplatzle1,maybe mrna vaccines where just the right choice sputnik v apparently fuels insanity,0,0,No Location,2022-03-07
1500901101184315395,1188756046724005894,cyberbear2535,UkraineÔ∏è UkraineRussianWar UkraineUnderAtta—Åk Well folks looks like is officially off the reservation They have gone full Pro Russia Given that it is a Sputnik show we should not be too surprised Jamarl Thomas is an embarrassment,2,0,"Earth, Pre-collapse era",2022-03-07
1500897104784412675,62824122,ChrisMarsicano,The Russian army is just afraid to take on a military that looks this fabulous Honestly this somewhat surprises me because San Marino ended up distributing Russia‚Äôs Sputnik V COVID-19 vaccine after EU-approved Pfizer Moderna and AZ shipments from Italy were delayed,2,0,"Davidson, NC",2022-03-07
1500885143560630276,708335649749794818,kate_dalgleish,Russia has been getting cosier with San Marino in recent years The Sammarinese used Russia's Sputnik COVID vaccine and Russians have been implicated in financial scandals there It's still a very small country but Russia mentions it for a reason,1,0,"Ottawa, Ontario",2022-03-07
1500879537495674882,1283630398677766144,Very_0wn,It doesn‚Äôt make any sense 1 Sputnik V must be of the same hideous CRISPR-Cas9 we won‚Äôt hear the real stories 2 Maybe a person from Donbass knows better of the regions and politics there 3 I seriously have no idea how you put faith in these pathetic excuse of human beings,1,0,Venus,2022-03-07
1500878342316302338,1452993816,Pub_Def,What ungrateful bastards San Marino is one of the few countries that vaccinated most of its population initially with the Sputnik vaccine,0,0,No Location,2022-03-07
1500874937145327620,704052837345595392,Moderates_Unite,From old friend to unfriendly in 11 months,1,0,"Salt Lake City, UT",2022-03-07
1500872222373646342,3313523173,h_avetisyan20,San Marino a separatist enclave uses Sputnik V but Italy has made San Marino impose sanctions on Russia,0,0,"Medell√≠n, Colombia",2022-03-07
1500870400099725317,1345239482925244416,lady_annihilate,Mounting evidence suggests Sputnik COVID vaccine is safe and effective,0,0,"Dallas, TX",2022-03-07
1500869652871671808,835164274821509120,Off_Mulholland,How TF is San Marino on Putin‚Äòs shit list when Russia just sent them the Sputnik vaccine when Italy would not provide a real one As a dual citizen of both the Republic of San Marino and the USA I say to Putin check yourself and pick on someone your own size sanmarino,2,0,"Calabasas, CA",2022-03-07
1500869605266534404,1345239482925244416,lady_annihilate,üì£üì£üì£üì£PFIZER What are the American drug companies involved in with this Take it to the BLACKMARKET Sputnik V COVID-19 vaccine Wikipedia,0,0,"Dallas, TX",2022-03-07
1500867627740286981,1345239482925244416,lady_annihilate,Sputnik V vaccine exports from Russia by country Statista,0,0,"Dallas, TX",2022-03-07
1500866053403860999,835164274821509120,Off_Mulholland,Exactly I mean they sent San Marino the sputnik vaccine when Italy would not provide them with a real one Now all of a sudden they‚Äôre on the shit list,2,0,"Calabasas, CA",2022-03-07
1500860331756859394,956609669069463554,trevor_klee,We've already seen one example recently of Russia's attempt at self-sufficiency in pharmacology with Sputnik their COVID vaccine What else might they be able to do on their own Could they build their own chemo or gene therapy Stay tuned to find out,0,0,No Location,2022-03-07
1500851490524737542,4383763762,tobioworks,If you belive this then your children will be next,0,0,Earth,2022-03-07
1500836705930207242,1369299517,MePan13,Sputnik vaccine has proven to be almost useless,0,0,"Near Brechin Angus, Scotland",2022-03-07
1500830905849589767,1169695483620659203,leonardofeletto,San Marino even allowed its population to use the Sputnik vaccine in early 2021 Does Putin suffer from an enemy complex,3,0,No Location,2022-03-07
1500830743357968387,194382347,Maxsimile,Actually highly notable Very close connections between the two countries 100 000 Russian tourists per year Sputnik vaccine deliveries SM against sanctions on Russia,1,0,"Somerville, MA",2022-03-07
1500828546129924102,837538709528436736,Deplora26124312,Sputnik vaccine is non-mRNA though Nice try there though,0,0,No Location,2022-03-07
1500817324139749383,2952332768,amit_kapoor_Ind,sputnik I condem using Sputnik V which is made in Russia where the president is vulter killer murderer UkraineUnderAttack RussiaUkraineWar Shame Russian media can't even use word War COVID19 RussiaUkraineConflict RussianAggression,0,0,No Location,2022-03-07
1500808916073992193,86024141,shockadelicaust,Sputnik The first man-made satelllite famous for its beeping sound that could be heard by amateur radio operators all over the world,2,0,"Sydney, Australia",2022-03-07
1500807577558470661,340745794,IjeleNnia,üòÇüòÇüòÇ Chief chief Russia was the 1st to publicly announce a covid vaccine Sputnik V Guess what happened next The WHO cited some flimsy excuse in withholding its approval Thing is they're not interested in what you guys think of them Russia is a military power regardless,0,0,"Abuja, Nigeria",2022-03-07
1500805316874752003,1293113010941296640,sputnikvaccine,Alexander Gintsburg head of Gamaleya Center Nasal version of Sputnik vaccine can be authorized for use in Russia before March 17 Over 100 people have already been vaccinated with nasal Sputnik during clinical trials no side effects registered,280,80,"Moscow, Russia ",2022-03-07
1500791267629936645,2954501,willywanka,Heard this weekend that Putin had so much faith in the Russian Sputnik vaccine that he had two private planes fly over from Europe to bring him and his cronies Pfizer,0,0,No Location,2022-03-07
1500788379704860674,940253118712999937,FChev22,San Marino is breaking with its neutrality and joined sanctions against Russia Big move also considering nearly the whole population has been initially vaccineted with Sputnik V,2,0,"Between Turin & Milan, Italy",2022-03-07
1500784005784174598,632775011,ExpPharma,Government panel recommends permission for phase-III trial of Sputnik Light vaccine as booster dose,2,0,"Mumbai, India",2022-03-07
1500781551566868487,1256149232756699137,GleefulVi,Are the Sputnik V vaccines sent to my country fake Are the military weapons bought from Russia toys,0,0,No Location,2022-03-07
1500763390221950976,771605412,dkibaki,Russian Federation Covid vaccine Sputnik V is yet to be Approved by the Big powers It's all exposed,6,2,"Nairobi, DC.",2022-03-07
1500759254331838467,1318802921983627265,sarvambrahma,I‚Äôm into more traditional vaccines What What do you mean I cannot get the Sputnik vaccine at the local Walgreens,0,0,No Location,2022-03-07
1500750048925294595,1270744044877086722,Patel_Jay_,Russia have been engaging in a tactical vaccine diplomacy operation providing affordable Sputnik V exports to ‚Äòdeveloping countries Very much a PR exercise as doses are not equitably distributed Millions assigned to Latin America and a few thousand to sub-Saharan Africa,6,0,"Leeds, England ü¶â",2022-03-07
1500747779848687617,4174198943,ShaneCostello10,The Sputnik IV Covid-19 vaccine is another example of this An overtly political project that fell flat on it‚Äôs face because the Russians couldn‚Äôt provide regulators with reliable data on its safety and performance and didn‚Äôt have the capability to manufacture consistently 1,0,0,"Galway, Ireland",2022-03-07
1500746813619720197,1369620279903744001,newshots2021,Govt panel recommends permission for phase 3 trial of Sputnik Light vaccine as booster dose Read more at newshots news newsupdate newspaper newslife dailynews newsfeed LatestNews sputniknews SputnikLight government boosterdose vaccine,1,0,"Delhi, India",2022-03-07
1500738776578019329,1184016177326182402,KSomtaaw,Wait for antipfizer antivaxxers claimed that sputnik vaccine helped to grow back his hand xD,0,0,No Location,2022-03-07
1500730343434846208,1382171215113031683,isolated_idiot,Finally got my vaccine sputnik v,0,0,No Location,2022-03-07
1500726851026980872,1211942204521893888,Jahangir_IYC,Planned or Coincidence Vanegaurd and Blackrock both the companies have share in all the major COVID vaccine companies Pizifier AstraZeneca morderna Sputnik COVID19 scam,2,1,Union of India,2022-03-07
1500722912000548870,1373052124502708225,DannoTruth,I just had a thought Russia didn‚Äôt have Pfizer‚Äôs bullshit They made their own vaccine Sputnik I genuinely think the new world order cannot happen while Russia is resisting,6,0,No Location,2022-03-07
1500713668241235970,1437799721888727041,FactualNews3,Subject Expert Committee on COVID-19 recommends phase 3 trial of Sputnik Light vaccine as booster doseÔøº,0,0,"Jammu, Jammu And Kashmir, Indi",2022-03-07
1500704539439087620,821975444304134144,erodecity1,Hello i taken first dose of Sputnik v now its not available in my area can u suggest what i do because my 2 nd dose date expired Around Erode salem Namakkal Kindly update availability,0,0,India,2022-03-07
1500697501032062977,18669708,jpmens,How are Sputnik V sales doing,1,0,No Location,2022-03-07
1500671309562269701,570927672,marketsday,Dr Reddy‚Äôs The Subject Expert Committee on COVID-19 of the Central Drugs Standard Control Organisation on Friday recommended giving permission for conducting a phase-3 clinical trial of the single-dose COVID-19 vaccine Sputnik Light as a booster dose,1,0,"Salem, Tamil Nadu, India",2022-03-07
1500641444289302534,1488881366380994564,S_I_Radio,Maybe that would be a good idea since several of your Mike R BlueAnon Brigade got caught in lies and fraud,1,0,"Cleveland, Ohio",2022-03-07
1500637067294003206,714883555860426752,CRNBTC,The Russian Sputnik vaccine didn‚Äôt use experimental MRNA tech This tell me a lot about them,2,1,No Location,2022-03-07
1500632134515666945,950558185794015233,robertttilley,Putin whose country uses the Sputnik vaccine started a war to help Pfizer which is a vaccine Russia doesn't recognize,0,0,No Location,2022-03-07
1500625946470019080,1214720599391535109,ReptileStare,None of the VIPs get the snake oil This includes Vladimir Putin and Sputnik V,0,0,Planet Earth,2022-03-07
1500618333259026433,2613797256,Nattjager,Its probably just a mutation from the sputnik vaccine üòÜüòÜ,1,0,Norge,2022-03-06
1500605819880153088,945014509701423105,McDutchoven,Don't understand why America has the first efficacious vaccine or a mode of logistics to get it where needed and I'll bet you were concerned with what country we should share it with first Because you are cookie cutter af,1,0,Center for Harsh Criticism,2022-03-06
1500596787362635782,1134903377136164864,b_dikela,Sputnik V Why were SAns denied the opportunity to test that Russian vaccine Apparently it does what is was meant to do,1,0,"Johannesburg, South Africa",2022-03-06
1500595460142157824,1091375783673823232,tofolux3,Free education implemented Sputnik V or Sinopharm vaccine No attacks on PP No SOEs for sale No loadshedding CJ appointed Parliament still standing No PPE corruption Prasa operating R1100 grant during covid19 Celebrating Tembisa10 Convene AU Etc Pres Zuma wud have delivered,0,0,No Location,2022-03-06
1500589558567686149,1499533810144264193,JackCardozo12,The Kremlin Sponsored News Agency 'Sputnik' claims Admiral 'Tony Radakin' british chief of defense has come forth to announce that foreigners wanting to go fight for Ukraine is 'unlawful and unhelpful' what Sputnik left out was this –º–∞—Å–∫ –¢–≤–∏—Ç—Ç–µ—Ä,0,0,No Location,2022-03-06
1500586944765603844,1497116909569179650,PolitePress,Govt panel recommends permission for phase 3 trial of Sputnik Light vaccine as booster dose,0,0,No Location,2022-03-06
1500583279312867330,1485301080506331137,Hell0there11,Please allow travellers who are fully vaccinated with unapproved vaccines please ü•∫ I'm fully vaccinated with SPUTNIK V but I can't come to Canada üò≠,1,0,No Location,2022-03-06
1500582926571872265,738806388,DataDrivenMD,In addition to ordering millions of doses several Latin American countries stand to gain economically from domestic production of Russia's COVID19 vaccine The U S 's kowtowing to Pfizer is already looking like a massive strategic mistake,22,10,#VaccineEquity HQ,2022-03-06
1500581393876803588,945014509701423105,McDutchoven,If one of us robs a bank and gives it to a guy who gives it to a fence who puts it through a laundry and one person gets caught not meeting the other people does not absolve them The original could be found guilty or die even and charges can happen for years into the future,0,0,Center for Harsh Criticism,2022-03-06
1500579468934582274,945014509701423105,McDutchoven,Flynn chose to speak as Q messenger so did Mike They can all wear it because frankly the topic is so stupid that nobody gives a shit who did what in what order Racketeering doesn't depend on one person furthering the crime knowing what every 1 of their codefendents crimes were,0,0,Center for Harsh Criticism,2022-03-06
1500578930071425024,945014509701423105,McDutchoven,You know who didn't have to influence for Trump or Q to read and watch and write about it Anyone Nobody needed to do that Yeah Mike's confession that's one more circumstance on a mountain of propaganda he pushes and lies he has told,0,0,Center for Harsh Criticism,2022-03-06
1500578533118197772,945014509701423105,McDutchoven,On how it works Project Truth Decay You know who does nothing remotely like that Kassandra Dump Jr or Mike,0,0,Center for Harsh Criticism,2022-03-06
1500578238023802883,945014509701423105,McDutchoven,KassandraGriftSeven popped into my post about Mike Rothschild to shout bluanon at me out of the blue one day and block me Is that a trained disinfo person Mike claims to be able to walk people back You know who did study countering disinformation Rand They put out volumes,0,0,Center for Harsh Criticism,2022-03-06
1500577682270175239,945014509701423105,McDutchoven,May open my ears If I just sent you goatse instead of replying this way for instance does that open you up to hear more of what I have to say,0,0,Center for Harsh Criticism,2022-03-06
1500577475713069056,1214720599391535109,ReptileStare,You have a greater risk of being killed by tge covid vaccines Read the Pfizer documents I suspect that Sputnik V and AstraZeneca Moderna J J etc are similar,0,0,Planet Earth,2022-03-06
1500577353558380553,945014509701423105,McDutchoven,Now are they doing it for money I don't know but they centralize around the competition of who they are attacking Because they can't beat it with their truth and not one of them has actually taken any of the time to triage my beliefs and try to explain things in a manner that,0,0,Center for Harsh Criticism,2022-03-06
1500576718784020485,945014509701423105,McDutchoven,He's been doing it for around 3 months do the data vis between this handle and the one he just changed And read his assholes posts above And tell me which one of them is a researcher They can't even see Mike's bs,0,0,Center for Harsh Criticism,2022-03-06
1500576261621653506,945014509701423105,McDutchoven,Provable,1,0,Center for Harsh Criticism,2022-03-06
1500576198430273542,945014509701423105,McDutchoven,I think people are confusing disconnected coincidences with The highly probable fact that DumpJr and Jan and their friends have been gang stalking people for months with intent to do real world harm,1,0,Center for Harsh Criticism,2022-03-06
1500575763682189313,945014509701423105,McDutchoven,Of who q is No I never claimed to Also circumstantial evidence is evidence thay guilt can be established by that's why I shared it Because one of their guys yesterday didn't seem to understand that it wasn't an attack on you,1,0,Center for Harsh Criticism,2022-03-06
1500574801517109248,1214720599391535109,ReptileStare,I'm not distracted I'm 100 aware that‚Äîlike juntaists here‚ÄîVladimir Putin used a health panic to tighten the screws AND shove snake oil into the population With Russia it's Sputnik V,0,0,Planet Earth,2022-03-06
1500573937234628610,1333667947047370758,gailmhart1,How many in Hong Kong and China were vaccinated with sinovax sputnik V and other vaccines with low effectiveness against even original covid probably none against Omicron,0,0,No Location,2022-03-06
1500572873529962498,967308341130289152,Judaeda3,Mask needs to fall Vaccines Germany and China mask made billions out of South Africa only with Pfizer and J J Favorite Malema's Sputnik vaccine didn't do well even when marketed by him it was sidelined globally now the Russian developers are angry üò°,4,0,No Location,2022-03-06
1500564982118772738,1136756858,SIDSSTM,Coordination between China Russia China made corona virus russia make Sputnik vaccine Chinese making dispute on every front of border now russia invading Ukraine this is actually a hidden agenda to rule world in the name of communism wake up World leaders,0,1,"Maharashtra, India",2022-03-06
1500563904631648256,2172294680,SocialinFlorida,Get used to the Sputnik vaccine where your friends are Maybe that‚Äôs the reason Putin went nuts got to many Sputniks,0,0,Florida,2022-03-06
1500562390030639104,1498033784490532868,AubreyGabriel16,We heard that one before even though it didn't give sense Russians are vaxxed with sputnik v vaccines,0,0,No Location,2022-03-06
1500561167173001217,1347157496960491521,IndiaNewsOnlin3,Govt panel recommends permission for phase 3 trial of Sputnik Light vaccine as booster dose Health News ET HealthWorld,0,0,No Location,2022-03-06
1500560000653144067,451888924,Youcangougeaway,I don't know why you'd post that Are you saying you have some direct evidence I haven't seen it,2,0,Canadia,2022-03-06
1500559610440261642,384515689,ZZielonka,Clearly the Sputnik vaccine is brain-damaging,0,0,No Location,2022-03-06
1500558974131007488,29939720,nzkatj,Often thought this when seeing the promoted content about how great their vaccine Sputnik is and how many countries they gave it too,0,0,New Zealand,2022-03-06
1500554880443994113,1488881366380994564,S_I_Radio,Containing an admission that was further elaborated on a number of occasions,1,0,"Cleveland, Ohio",2022-03-06
1500554291135799299,945014509701423105,McDutchoven,And here because I noticed yesterday people seem to blow off circumstantial evidence but it's still evidence,1,0,Center for Harsh Criticism,2022-03-06
1500550727713890304,945014509701423105,McDutchoven,Mike is like the guy that gets caught downloading illegal images and says he was just researching,1,0,Center for Harsh Criticism,2022-03-06
1500550408862945294,945014509701423105,McDutchoven,Well his stark admission there is not circumstance either though And he appears to be admitting to skirting a ban too which his false research team is sticklers about,1,0,Center for Harsh Criticism,2022-03-06
1500549500162621440,497800508,rohitrathod94,sputnik when Sputnik v is going to be approved by WHO is there any timeline,0,0,No Location,2022-03-06
1500548033523732483,451888924,Youcangougeaway,You had one job,4,0,Canadia,2022-03-06
1500547880779722753,945014509701423105,McDutchoven,And Jan showed us earlier that he was goatse,1,0,Center for Harsh Criticism,2022-03-06
1500546986877067267,945014509701423105,McDutchoven,here Mike Rothschild admits to being one of the voices that propelled Q,1,0,Center for Harsh Criticism,2022-03-06
1500546886574514176,1488881366380994564,S_I_Radio,Your best current theory since that's really all anyone has right now ü§îüòâ,1,0,"Cleveland, Ohio",2022-03-06
1500546578267918338,793764068112764928,WikiFever,This is our sputnik moment This is a race and we must declare that we will WIN this race It‚Äôs gonna happen with or without us We‚Äôre the dumbest generation ever if we cede this race to others It‚Äôs a matter of leadership nothing more,0,0,https://drive.google.com/drive,2022-03-06
1500546528116682754,451888924,Youcangougeaway,Hmmmm Ok do I get to just pick randomly or does there have to be any actual ie not circumstantial irrelevant evidence,3,0,Canadia,2022-03-06
1500546473972228099,823617388134338560,hill_dyke,Because they have their own dirty little secrets about Sputnik V and would be called conspiracy mongers the globohomo so-called left would roll with it as they do with everything on corporate media,1,0,No Location,2022-03-06
1500545394861916161,1488881366380994564,S_I_Radio,As long as you can tell me who Q is and isn't ü§£,1,0,"Cleveland, Ohio",2022-03-06
1500545124132081665,451888924,Youcangougeaway,I‚Äôm down with this part of the LARP Perfect jumping on point Can I be Cooper,3,0,Canadia,2022-03-06
1500541140596146181,1488881366380994564,S_I_Radio,The leader of BlueAnon is Mike Rothschild,1,0,"Cleveland, Ohio",2022-03-06
1500540140950798347,1488881366380994564,S_I_Radio,This is how I picture it,1,0,"Cleveland, Ohio",2022-03-06
1500529314160427014,1494705330563039235,Citizen6222,Even CR when he got sick called in the Russian specialists and most probably got their protein based vaccine except sputnik another protein based vaccine is Novavax 100 save Unlike the 3 experimental and their dangerous effects,0,0,No Location,2022-03-06
1500506832007225349,1300780001084743683,LeChouNews,‚ÄòHas The EU Approved Sputnik‚Äôs Covid Vaccine Yet Asks Guy Who Doesn‚Äôt Really Follow The News Much,43,5,Satire,2022-03-06
1500505217703555084,1172913041668804608,oihOGirl,Russia didn‚Äôt recognize my DIL‚Äôs American vaccination this summer when she went there She came home telling horrible tales of those who got the Sputnik vaccine Maybe he‚Äôs afraid of Covid and his country‚Äôs vaccine,1,0,"Ohio, USA",2022-03-06
1500494536073752576,520347215,massimo_bruni,Dimitriev Russian Direct Investment Funding of Gamaleya Sputnik V Gavin Newsome Chelsea Clinton Bobby Jindal Hurricane Katrina Tulsi Gabbard Mentors Christine Lagarde Edomite Queen Rania of Jordan BlackRock Group CEO Larry Fink Carlyle Group David Rubenstein Al Gore WEF,0,0,Critical Thinking ,2022-03-06
1500490134520668161,884202256765038592,knifeman_bk16,[PC-98 Remix Illusionary Sputnik Night Grimoire of Marisa „Çà„Çä,0,0,No Location,2022-03-06
1500487676830568455,124203442,edis1250,He guesses that the sputnik vaccine is not effective,0,0,No Location,2022-03-06
1500479872187129863,1498033784490532868,AubreyGabriel16,üòÇü§£ so Russians supporters are unvaxxed What about sputnik V vaccines,0,0,No Location,2022-03-06
1500476800367054853,23395072,drricky,I wonder what the vaccination rate is among the Russian military and what vaccine type they‚Äôre using presumably Sputnik,1,0,Houston,2022-03-06
1500469838849978368,1483661730551156742,UPDeservesYogi,Govt panel recommends permission for phase 3 trial of Sputnik Light vaccine as booster dose message for the world how the life saving and helping tech shall not be affected by war,0,0,No Location,2022-03-06
1500464065109532672,1286646571887624192,AsilkEnzan,UPD 2 A few days ago I wrote that this narrative about secret documents proving the Ukrainian state's efforts to get the nuclear weapon could end up in the headlines Well say hello to the brand new articles from TASS RIA Novosti Interfax and Sputnik,0,0,No Location,2022-03-06
1500455099113611266,1032555559118151680,TAUeRORA,They were told by most south Africans that they want SPUTNIK vaccine but they ignored them I won‚Äôt be taking that American produced vaccine,1,0,No Location,2022-03-06
1500445524754849792,1469167897746440196,NewIndia24News,Govt panel recommends permission for phase 3 trial of Sputnik Light vaccine as booster dose ET HealthWorld,0,0,"Ghaziabad, India",2022-03-06
1500437359686746122,904450515240599552,DC_Gurugram,2 Only second dose of Sputnik V will be available at Polyclinic Sector-31 tomorrow 3 International travellers education job only can head to Polyclinic Sector-31 for their second dose of Covishield 100 doses will be available,0,0,"‡§ó‡•Å‡§°‡§º‡§ó‡§æ‡§Ç‡§µ, ‡§≠‡§æ‡§∞‡§§",2022-03-06
1500437344591171591,1465213117424619520,DarioPlevnik,Sorry but it is time to concludeü§î,0,0,No Location,2022-03-06
1500433712609370116,1456840649664204802,Pessi_Grandpa,I don't support Russia but Can't utter a word against Putin as I have taken Sputnik Vaccine and what if Putin sees my tweet and bursts me off by activating the programmed liquid molecules inserted inside me,2,0,"Rosario, Argentina",2022-03-06
1500429502089940993,94131733,PakistanVideoz,Earlier the government had allowed the private sector to import and sell the COVID-19 vaccine at the price of their choice but recently the federal government revoked its earlier policy and decided to fix the price itself via,0,0,Pakistan,2022-03-06
1500427527008911360,1478392173049569281,SharkMamaMMXXII,He very obviously suffers from tiny penis syndrome ergoes such a large table He wouldn't even take the Sputnik vaccine he took AstraZeneca He's afraid of everything right now especially that bounty that's been put out on his head by Russian oligarchs,1,0,No Location,2022-03-06
1500417242198126593,281448362,Bheki_CEO,Maybe just maybe it's what they put in the Pfizer J J vaccine That explains why they banned the SPUTNIK,2,0,SA,2022-03-06
1500412404156403712,1209744028155072519,ZodintharaR,sputnik Sputnik V I am busy text you later,0,0,Aizawl. ,2022-03-06
1500404249875857411,1047527701823856640,RichMcLoughlin,On Covid all countries in EU could do their own thing Poland and Hungary even used Sputnik vaccine,0,0,"Harrow, London",2022-03-06
1500403532054343681,3313966270,cloudofgeorge,I spent the whole weekend for lie on the sofa after the Pfizer After I took the Sputnik vaccine I felt myself less bad But now everything is okay,0,0,"Lille, France",2022-03-06
1500392995375370240,18159588,Oneindia,Govt panel recommends permission for phase 3 trial of Sputnik Light vaccine as booster dose CoronaVaccine,0,1,India,2022-03-06
1500388454160642048,282664684,tutusaysso,Plus their vaccine diplomacy was also telling They focused on Asia and South America and had no interest in Africa It was intriguing to me that South America had quite a few countries using Sputnik IV The story is in the trade flows and finding out whose on that list,1,0,No Location,2022-03-06
1500379659128623105,1070238476719742976,AmNerdy,What If Sputnik V,0,0,"West Bengal, India",2022-03-06
1500375433665257476,961331673152487426,Anymous84861064,Pfizer had 45 000 volunteers across 3 continents to test their vaccine The same as Moderna J J AZ Sputnik et al That is where they gained the efficacy percentage Not from mice Animal testing is a prerequisite prior to human trials for every vaccine ever produced,0,0,In orbit around G2 V Star.,2022-03-06
1500367094235340801,878273096079335425,mariajt_,dear sputnik feeling recognized with my sputnik v vacc ü•∞ü•∞,0,0,No Location,2022-03-06
